{
    "index_subject_x": 42,
    "index_subject_y": 7,
    "sum_time_train": 18.769670724868774,
    "time_train_on_last_train": 18.769670724868774,
    "complete": false
}